"","cvaR","cnm","cM","partial-data","equal-weight","full-data","optimal-weight.solnp","optimal-weight.osqp","CSL-cv","CSL-cen-lambda1","CSL-cen-lambda2","CSL-cen-lambda3","CSL-cen-lambda4","CSL-cen-lambda5","CSL-cen-lambda6","CSL-cen-lambda7","CSL-cen-lambda8","CSL-cen-lambda9","CSL-cen-lambda10","CSL-cen-lambda11","CSL-cen-lambda12","CSL-cen-lambda13","CSL-cen-lambda14","CSL-cen-lambda15","CSL-cen-lambda16","CSL-cen-lambda17","CSL-cen-lambda18","CSL-cen-lambda19","CSL-cen-lambda20","CSL-cen-lambda21","CSL-cen-lambda22","CSL-cen-lambda23","CSL-cen-lambda24","CSL-cen-lambda25","CSL-cen-lambda26","CSL-cen-lambda27","CSL-cen-lambda28","CSL-cen-lambda29","CSL-cen-lambda30","CSL-cen-lambda31","CSL-cen-lambda32","CSL-cen-lambda33","CSL-cen-lambda34","CSL-cen-lambda35","CSL-cen-lambda36","CSL-cen-lambda37","CSL-cen-lambda38","CSL-cen-lambda39","CSL-cen-lambda40","CSL-cen-lambda41","CSL-cen-lambda42","CSL-cen-lambda43","CSL-cen-lambda44","CSL-cen-lambda45","CSL-cen-lambda46","CSL-cen-lambda47","CSL-cen-lambda48","CSL-cen-lambda49","CSL-cen-lambda50","CSL-cen-lambda51","CSL-cen-lambda52","CSL-cen-lambda53","CSL-cen-lambda54","CSL-cen-lambda55","CSL-cen-lambda56","CSL-cen-lambda57","CSL-cen-lambda58","CSL-cen-lambda59","CSL-cen-lambda60","CSL-cen-lambda61","CSL-cen-lambda62","CSL-cen-lambda63","CSL-cen-lambda64","CSL-cen-lambda65","CSL-cen-lambda66","CSL-cen-lambda67","CSL-cen-lambda68","CSL-cen-lambda69","CSL-cen-lambda70","CSL-cen-lambda71","CSL-cen-lambda72","CSL-cen-lambda73","CSL-cen-lambda74","CSL-cen-lambda75","CSL-cen-lambda76","CSL-cen-lambda77","CSL-cen-lambda78","CSL-cen-lambda79","CSL-cen-lambda80","CSL-cen-lambda81","CSL-cen-lambda82","CSL-cen-lambda83","CSL-cen-lambda84","CSL-cen-lambda85","CSL-cen-lambda86","CSL-cen-lambda87","CSL-cen-lambda88","CSL-cen-lambda89","CSL-cen-lambda90","CSL-cen-lambda91","CSL-cen-lambda92","CSL-cen-lambda93","CSL-cen-lambda94","CSL-cen-lambda95","CSL-cen-lambda96","CSL-cen-lambda97","CSL-cen-lambda98","CSL-cen-lambda99","CSL-cen-lambda100"
"1",0.5,50,10,0.144877567707101,0.0538333186214372,0.0191706761389532,0.0320831558947571,0.0320865800798407,0.0816583201794543,0.316682084734182,0.309159508073283,0.299995045483686,0.289306791904588,0.277334383367755,0.264232591429005,0.250280895665368,0.235644898226561,0.220520768969535,0.205183652012959,0.189874712712325,0.174898991657353,0.160580442208264,0.1468862658357,0.134145400675663,0.12244697154634,0.112035686139846,0.102998251082193,0.0954173934728677,0.0894252779364778,0.0848390444275839,0.0815532344335107,0.079920378311521,0.0796563351874561,0.0807269656140732,0.0829715648591203,0.0863589509229402,0.090967764875159,0.0965209404779859,0.103175826055279,0.110690847017012,0.118856221553098,0.127627438480351,0.136877176457483,0.146729823228456,0.157077110493912,0.16806175566394,0.179602458753668,0.191640918116759,0.204234141410553,0.217420719837714,0.230836103364556,0.244566717884361,0.258822578547823,0.273473813522742,0.28891716305029,0.304932369264324,0.320979948436936,0.337250378264745,0.353150517331676,0.369314718459402,0.386117547085979,0.403666021726603,0.422097672429811,0.440993698087903,0.459971652519026,0.479408344164204,0.49922991195683,0.519365648962763,0.540049062419346,0.56098154660287,0.582183601305241,0.603561328374466,0.625110158967977,0.647246136690289,0.669524426754073,0.692216980030817,0.714689318806568,0.737279877709992,0.76049248480719,0.783808474334119,0.807695937569019,0.832346775240725,0.857756683456669,0.883797179755074,0.910333068630156,0.937693794511541,0.96591028547786,0.995092358370764,1.02531907779822,1.05595559798619,1.08734808967305,1.11969957754057,1.15320241938611,1.18790324272359,1.22383014892811,1.25964610166816,1.29659819695206,1.33481624168268,1.37432814201599,1.4151627487111,1.45554702968741,1.49633320999609,1.53844117663272,1.58058831161894,1.62277965364477,1.66629523345056,1.7105898649582,1.75320076085914,1.7953356506814
"2",0.5,50,100,0.16194902794133,0.0405684493856046,0.00544302319650576,0.00537207163074971,0.00537810705997152,0.0860344504089834,0.438796058343443,0.435067891364343,0.429362539399406,0.421750552857189,0.412309740045109,0.401185953556632,0.388542234715331,0.374590645600532,0.359334879974066,0.342889141990703,0.325540364208939,0.307493284986074,0.288899349121415,0.27001754819187,0.251110997729642,0.232441394019457,0.214247891222234,0.196691942426362,0.180030424442489,0.164444385761793,0.149928044937077,0.136872546774265,0.125299561173379,0.115197428595642,0.106935860789282,0.100302360883452,0.0952502710097722,0.0916474446542447,0.0895336869827928,0.0887509949816784,0.0891390116991043,0.0906522147344243,0.0932998337966985,0.096851818209316,0.101251262340786,0.106439232730702,0.112351371368234,0.118901388054722,0.126170246351702,0.134096665594032,0.142616180210203,0.151680742083566,0.161301279065629,0.171402696264777,0.18183510581215,0.192493982144519,0.203515493322269,0.215004419711607,0.226864679764083,0.239335189154565,0.252344741441649,0.265546559939797,0.279174333979678,0.29305757925838,0.307430323296709,0.322241866527862,0.337426986375389,0.353196931827226,0.369318428753752,0.385858768108277,0.403007288716766,0.42065451570958,0.438818182944388,0.457003776155015,0.475060581193606,0.493695096559904,0.512807334699656,0.532395735757098,0.552115885862384,0.571471467471243,0.590978593949578,0.610828404697275,0.630887131154537,0.651069377619126,0.671353003446101,0.69159613375286,0.711985923091348,0.732486921194692,0.753087329372322,0.774237326574316,0.796063859875643,0.818095589729805,0.840476558889261,0.863245929011732,0.886698256825122,0.910920979065586,0.935782681708757,0.961404825741465,0.98791659704802,1.015339863824,1.04357427577653,1.07252913193412,1.10167576493673,1.13171953828962,1.16274663909275,1.1939429969896,1.22529347384812,1.25684223022023,1.28930954779389,1.32278378758922
"3",0.5,100,10,0.0842858351469696,0.0231169561204419,0.0115017341346068,0.0157887447796764,0.0157884360716703,0.0344171466486216,0.0424183277848294,0.0417070009841468,0.0409057607907846,0.0400165616226647,0.0390616625103231,0.0380609987160641,0.0370246136823716,0.0359852260620757,0.0349674672266914,0.0339840988894879,0.0330565332987631,0.0322029233919669,0.0314671077258004,0.0308547789286951,0.0303956397960771,0.0301067020757184,0.0300065514369367,0.0300991285631695,0.0304136053735783,0.0309519283655207,0.0317409064729377,0.032751233768982,0.0340058494854566,0.0355193011369786,0.0372601378176443,0.0392561633271943,0.0414906655532371,0.0439582036650539,0.0466439703490411,0.0495180972392718,0.0526189132672505,0.05595986555618,0.0595132334458775,0.0632994475386104,0.0672912574867147,0.0714580871122712,0.0757594107405368,0.0802674369529001,0.0850185671489697,0.0899951851292886,0.0951798593652346,0.100509976994254,0.106036522978867,0.111847773234897,0.117967489708118,0.124259664794424,0.130713431328814,0.137354555449633,0.144207112123828,0.151203946218512,0.158374808599086,0.165692913409126,0.173268909813495,0.181038803149766,0.188930478310916,0.197093767809354,0.205458609917712,0.214097370477387,0.222947035750495,0.231987925490809,0.24114419841719,0.250377905742102,0.259870208476686,0.269405532032875,0.279144673762704,0.289172393708,0.299423048770125,0.309833217093818,0.320501953418506,0.331559389899129,0.342983063603452,0.354624091456338,0.366576024848808,0.378820814145663,0.391428436557397,0.404377461032692,0.417546798064269,0.431118910847257,0.445051427585023,0.45924860114901,0.473734834765718,0.4885444685273,0.503792125960644,0.519516048382627,0.53538100260117,0.551136920446982,0.566797116646463,0.582238842873154,0.597668124099052,0.613329956312694,0.62935159536589,0.645242152886306,0.660781405869278,0.676228567322574,0.691669954494294,0.707029093268775,0.72235897413242,0.737916744592604,0.753601974612825,0.76928846067404
"4",0.5,100,100,0.0770371644198928,0.0176221827908399,0.0046275842571924,0.00453152168061586,0.00453509650145743,0.0303427164084916,0.0434564462476683,0.0431310226789819,0.0426750689013265,0.042092696598518,0.0413958114898099,0.0405932678022913,0.0396952122369948,0.0387210064221232,0.0376846506895006,0.0366020496550079,0.0354949448233587,0.0343907116689364,0.0332934343388301,0.0322057421671937,0.0311520988229911,0.0301528557683735,0.0292379619492049,0.0284162209255226,0.0276877307453801,0.0270795413780071,0.0266062402274504,0.0262838876844506,0.0261482640546139,0.0262093644253425,0.0264734978038773,0.0269410341419621,0.027604884826062,0.0284877790765425,0.029596186057649,0.0309445113634888,0.032536920099348,0.0343511178534026,0.0363750836650486,0.0386383180118437,0.0411073224013464,0.0437586458911546,0.0465573868242478,0.049529292409641,0.0526786001035847,0.0559543235789857,0.05938308017409,0.063023499610079,0.0668651839339431,0.0708556599057901,0.075029203166475,0.0793937885400119,0.0839550996279949,0.088719104781028,0.0937311080269236,0.0989456318472081,0.104373615161201,0.109968124503624,0.115766185918435,0.121770579835805,0.127866304527341,0.134035991773464,0.140374383739081,0.146868990730007,0.153554602584067,0.160412151882724,0.167466400708976,0.174668757334589,0.182130949796264,0.18977266114635,0.197499912302588,0.20538520102604,0.213557434879551,0.22197683018093,0.230423395869296,0.238946838891136,0.247664615548212,0.256477462029544,0.265438714475806,0.274508774496214,0.283698964864734,0.293069015138946,0.302567791608191,0.312314088143693,0.322208259913951,0.332115342910987,0.342351025511063,0.352859596125766,0.363574827315552,0.374481561402065,0.38553798219247,0.396843097523333,0.408319603103158,0.420096812598417,0.432205517267776,0.444616152017311,0.457376441762184,0.470297550271434,0.48361019937176,0.497260187188141,0.510859788365052,0.524443869913871,0.537730742592791,0.551060253000155,0.564325611362557,0.577504410177837
"5",0.5,1000,10,0.0113787978916754,0.00475537087037255,0.00463642313943707,0.00462053739307855,0.00462314972605119,0.00487448722785073,0.00463445556544342,0.00463470721461799,0.00463599706188507,0.0046385092160854,0.00464244288666201,0.00464800634752798,0.00465543093212505,0.00466494056430898,0.00467677221217739,0.00469120288490025,0.00470848117377263,0.00472889348379661,0.00475272767748783,0.004780285345856,0.00481186993969687,0.00484781199869825,0.00488845131911531,0.00493411720267509,0.00498517503999607,0.00504199533314455,0.00510495387519182,0.00517443554996016,0.00525085626326824,0.00533461254058794,0.00542613912539557,0.00552583937810544,0.00563402425168397,0.00575100150896069,0.00587722829860917,0.00601334053495991,0.00615994876545485,0.00631717017405528,0.00648505950106068,0.0066643810370742,0.00685572408720348,0.00705994659090572,0.00727671818240787,0.00750660733992563,0.00775095117233885,0.00800931474170627,0.0082826513668871,0.0085708217626483,0.00887418809182966,0.00919277298403379,0.00952788710868892,0.00987976152757087,0.0102498168631373,0.0106376152759907,0.0110417823041649,0.0114611540783111,0.0118961706622507,0.0123500205067582,0.012821790440975,0.0133119220303913,0.0138172086570775,0.0143375681686303,0.0148756773309979,0.0154312011862483,0.0160020864832667,0.0165879260889004,0.0171877734241514,0.017801105143196,0.0184293212539322,0.0190713210182147,0.0197270147093928,0.0203961865630047,0.0210792309084942,0.0217767139486708,0.0224905060748213,0.023220846128605,0.0239656772563803,0.0247294998234391,0.0255053604365685,0.0262955041012676,0.0271021626578404,0.02792567759255,0.0287610047157949,0.0296067353931653,0.0304690130763261,0.0313468787551992,0.0322414547520504,0.0331505201178563,0.034075543136181,0.0350147741893992,0.0359591944482381,0.0369184077693365,0.0378940953309834,0.038887037118311,0.0398929185221284,0.0409129695139636,0.0419522472435076,0.0430083926549335,0.0440878794425367,0.045188428229979,0.0463051367060072,0.0474367358671595,0.048587580234082,0.0497556071099825,0.0509375650611954,0.0521283251976875
"6",0.5,1000,100,0.0110727430773128,0.00406973704435343,0.0039628029525152,0.00384377407773713,0.00384368001564578,0.00417538895432809,0.00398588989097136,0.00398592537056948,0.00398609538413999,0.00398645620642805,0.00398707273608334,0.00398801967116177,0.00398937519565879,0.00399122836814481,0.00399367652778441,0.00399682080391405,0.00400077607387228,0.00400566419422576,0.00401160525984003,0.00401874224510493,0.00402721150114006,0.00403716924929746,0.00404877307137234,0.00406219081914351,0.00407759351975492,0.00409516650912815,0.00411510074237704,0.00413759148087557,0.00416284346724384,0.00419107676673735,0.00422251069857711,0.00425736654882667,0.00429589521953561,0.0043383317096144,0.00438493156690417,0.00443595538863584,0.00449167476783648,0.00455236222740303,0.00461830306993318,0.00468979340063604,0.00476712882493591,0.00485061661616727,0.00494057372216938,0.00503732439567415,0.00514120185884543,0.00525254084005043,0.00537169244263216,0.00549900702993555,0.00563485597303296,0.00577959396715004,0.00593345130403507,0.00609675986201312,0.00627010638968205,0.00645389505690683,0.00664854014255287,0.00685443627790316,0.00707203784048654,0.00730175185711092,0.0075439579765114,0.00779892043061437,0.0080671449371625,0.00834872164928124,0.00864358019626736,0.00895294624721194,0.00927663219982329,0.00961508720579966,0.00996816300820478,0.0103354716653836,0.0107173630229672,0.0111136694670372,0.0115246636530511,0.0119508572497318,0.0123909795490538,0.0128462922469034,0.0133159962312659,0.0138005227679319,0.014298882858601,0.014810336490072,0.0153341760645358,0.0158706496065424,0.0164186497845002,0.0169737679905463,0.0175383054073072,0.0181133668180652,0.0186967432472245,0.0192917786704731,0.0198955142393816,0.020510952717581,0.0211380818870859,0.0217780580409361,0.0224297928008934,0.0230930283227902,0.0237710555435917,0.0244601784652184,0.0251623713538692,0.0258781239887881,0.0266059802653204,0.0273447261610864,0.0280943484234204,0.0288561760013609,0.0296286344856888,0.0304142364102383,0.0312100243117469,0.032013920695747,0.0328307337192044,0.0336602165413954
"7",1,50,10,0.252223672980485,0.0997603730430373,0.0328264909471512,0.0553538763888235,0.0553601321077092,0.114390537210524,0.524738504208793,0.514633413770371,0.502260070466208,0.487738673636355,0.47123570259133,0.452882265427084,0.433045989992285,0.411883488870633,0.389723786499844,0.366982415384496,0.343824547972835,0.320585767881517,0.297562644234415,0.27496580332203,0.253064590133489,0.232104616046811,0.212405254657309,0.194191545092188,0.177536990726142,0.162384672067313,0.14903235338306,0.137482195874356,0.128020345520798,0.120470992775413,0.114701777828264,0.110719298819499,0.108560723715088,0.107931153126258,0.108915041601815,0.111565300595653,0.11562430654589,0.120907547644965,0.127341034434712,0.134803755969802,0.143143986874606,0.152062059253812,0.161646827888818,0.172020661080538,0.183255732941554,0.195063866409494,0.207303495797546,0.220243529303523,0.233738659577119,0.247765684023378,0.262016109506873,0.27692743107741,0.29257455343426,0.308689850911159,0.325140713234757,0.341957777647798,0.358848088092269,0.37575951451865,0.392935054682623,0.410741011668127,0.429049762574431,0.448024404735735,0.467596265460243,0.487438017916428,0.508000733157608,0.529027817276765,0.549721252898718,0.570707160098416,0.592239989576668,0.614120993080476,0.636693706358117,0.65923691375758,0.681684095324003,0.704207938150969,0.726711710071404,0.749211702493451,0.772199704560584,0.795904555268584,0.820189789317837,0.844881415746525,0.870223885422149,0.896152125195378,0.923003429508014,0.950823350734083,0.979712892121847,1.00954851684675,1.0403612273458,1.07211489533656,1.10412313212018,1.13710551312139,1.17055805594607,1.20520561046029,1.24052351783077,1.27695431917592,1.3146455132167,1.35362577833005,1.393923634554,1.43556816234482,1.47858860436566,1.52298772417182,1.56714178509362,1.61111447748374,1.65443417237051,1.69909149160375,1.74402464671095,1.78783513362363
"8",1,50,100,0.27473637429967,0.0788733160233523,0.0069683012224508,0.00711668393600223,0.00714298004596705,0.109253083246693,0.778316207518892,0.773364306856006,0.765763627170943,0.755540154959772,0.742778153984517,0.727586958359288,0.71011359443719,0.690554279511809,0.669042202870421,0.645775675267021,0.620932203894831,0.594843058713722,0.567682214985252,0.539653891450208,0.511259552266763,0.48251722586588,0.453948447455104,0.425801264818485,0.398171615948368,0.371263751269551,0.345203753768767,0.320028320878154,0.296106853743988,0.273633382415338,0.25284711025584,0.233843365780016,0.216461162020249,0.200695236103291,0.186616441611387,0.174482288728908,0.16424392111266,0.156017458921952,0.150006272577417,0.145824757402941,0.143192453668488,0.141856998428891,0.141836569621811,0.142855032612077,0.144962683600938,0.148060313696008,0.152153453120568,0.157135430180612,0.163004686548382,0.169742796159025,0.177210596789742,0.185421300919629,0.194310688766404,0.203873361602699,0.214059586875584,0.225057188660382,0.236848684525786,0.249419621727668,0.262430373511327,0.276133392848546,0.29031240411958,0.304998504828042,0.31988900079654,0.335099451698919,0.350735186893225,0.366955725035672,0.383575971577989,0.400736384214994,0.418333523460555,0.436534519123258,0.455291789382568,0.473969306672047,0.49306615259323,0.512511590538957,0.532393678770534,0.552547585147368,0.572789285983014,0.593136255248793,0.613571346223036,0.634004229377785,0.654423542736286,0.67506138945023,0.695160092539084,0.715459765121226,0.735934690576163,0.756369262829308,0.777261936258433,0.798543977062008,0.820206258328096,0.842582940148283,0.865790279713862,0.889665036162941,0.91412274969129,0.939268117040434,0.965300455977884,0.992181530736234,1.01991621397482,1.04836414535529,1.07768175019542,1.10796500818027,1.13914223914592,1.17062382293864,1.20298496035876,1.23638036025966,1.2694613864934,1.30247126438018
"9",1,100,10,0.14688125106943,0.0452462680865645,0.019050557802641,0.0277591646732932,0.0277613885224388,0.0526896314973293,0.0743804613721109,0.0732844148844355,0.0720243602558685,0.0706033768485063,0.0690348038990032,0.0673470827131683,0.0655694070476843,0.063719933694009,0.0618159744344946,0.0598799133076463,0.0579601898033442,0.0560920125130407,0.0543042494500106,0.0526358284891057,0.0510902375641641,0.0496764030249282,0.0484193306995724,0.0473209983687724,0.0464033902319963,0.045676723909513,0.0451614423082765,0.044883360706902,0.0448737306435914,0.0451395993065121,0.0457231167167423,0.0465909352634596,0.047791195921493,0.0492864438025614,0.0510831354152111,0.0531750338281335,0.0555925515454832,0.0582725846006062,0.0611943280909231,0.0643567460809031,0.0678184530094397,0.0715076423408755,0.0753836997905601,0.0795365048327004,0.0839716557864818,0.0886248151125319,0.0935117785450523,0.0986359299118477,0.103912696713928,0.109374786908523,0.11505940397193,0.120949317560885,0.127091240536336,0.133474591283553,0.140156433314252,0.147050776470368,0.154035966029423,0.161246139898488,0.168649928620467,0.176293840752408,0.184075716400301,0.192065729158198,0.2002879379721,0.208690517033296,0.217344656877039,0.226230066957978,0.235280163837324,0.244433557298646,0.253745859447824,0.263372747279954,0.273280046882296,0.283252733480488,0.293449993445245,0.303839972029534,0.314449258769299,0.325439646010186,0.336704872238888,0.348198303826854,0.359964089916398,0.372048092057199,0.384508357112591,0.397383361578075,0.41064422260544,0.424220028179955,0.43818215718986,0.452504350283622,0.467048446951341,0.481913307627001,0.497066989186008,0.512514553682576,0.528260302856771,0.544142803350399,0.560030664041375,0.575805497969285,0.591646406796256,0.607537215555995,0.623282181306566,0.63908338211332,0.654873415511148,0.670557501520433,0.685839966636622,0.700986784072054,0.716159985072249,0.731620636390595,0.747370547519583,0.763159088068082
"10",1,100,100,0.131555467289957,0.0361621296003721,0.00538016930658338,0.0053100760085152,0.00531942633992122,0.0441474560469086,0.0694759809947721,0.0690362466559342,0.0684226347412983,0.067634393056979,0.0666793209061224,0.0655681443757402,0.0643239475159706,0.0629512008743979,0.061461626726703,0.0598752562246007,0.0582107425843419,0.0564825621153411,0.0547107078219639,0.0529074387633883,0.0510934957622745,0.0492949142324574,0.0475425300961805,0.0458523855704741,0.0442499540837656,0.0427643231763741,0.0414099391383049,0.0402048665905379,0.0391698973161996,0.0383524205521779,0.0377299414095823,0.0373328163812281,0.0371845594177384,0.0372651659367783,0.0375762322197774,0.03809373368299,0.0388531200126842,0.0398406145572653,0.0410698059856533,0.042557345195149,0.0443015120686749,0.0463211534757136,0.048595716025005,0.0510548487504896,0.0537222931596223,0.0565870989836251,0.0596753615335121,0.0630459204804761,0.0666270987860719,0.070401598475238,0.0743968415072713,0.078656648178579,0.0830561884194057,0.0876727958133228,0.0924996990834915,0.097574989907789,0.102809929274568,0.108224058616421,0.113855577072786,0.119710932547695,0.125721964561679,0.13185670390169,0.138177618146613,0.144669999193261,0.151270198560539,0.158052715651731,0.165034939719466,0.17216164506401,0.179472979432176,0.186951505902179,0.194649696583553,0.202546386658589,0.210666258943311,0.218936678031263,0.227441599176707,0.236012448857836,0.24467297785531,0.253502756482934,0.262604381062967,0.271773936022951,0.281053254507319,0.290362567614687,0.29980167726418,0.309436497366103,0.319214783540764,0.32917041063581,0.339333781225044,0.349724242353731,0.360460817461208,0.371496066033838,0.382659347502307,0.39382788435037,0.405187335589378,0.416891441386435,0.428965100018193,0.441347484533157,0.454039352110019,0.46692134747405,0.479903087256424,0.493189663044752,0.506814315964059,0.520638181339771,0.534364534886489,0.548230689588843,0.562104460220852,0.575729890763293
"11",1,1000,10,0.0186107557339898,0.00605098918255491,0.00538534196552044,0.00557977418713263,0.00558406759631451,0.00607839283331659,0.00551114176723681,0.005510434182721,0.00551069925192918,0.00551213501561455,0.00551495651330993,0.00551948061085834,0.00552590130264924,0.0055343970639935,0.00554518573904431,0.00555851126818383,0.00557455215402594,0.00559354899240755,0.00561591670276571,0.00564193479186111,0.00567192114632449,0.00570619808917361,0.00574510145941768,0.00578888877611344,0.00583783368355118,0.00589238687589311,0.00595258901913741,0.00601886118933714,0.00609172213088109,0.00617179378441589,0.00625919942151247,0.00635379693944092,0.00645630011821992,0.00656725918789117,0.00668727118585332,0.00681671328830301,0.00695632203543483,0.0071060748026557,0.00726650798625394,0.00743799402769117,0.00762086240799676,0.00781572743827034,0.00802262554923593,0.00824211372943807,0.00847531415283416,0.00872283824756708,0.00898441343611349,0.00925874858582924,0.00954861569428169,0.00985418584433043,0.010175433743909,0.0105136900635858,0.0108691797219258,0.0112393814682092,0.0116251657528792,0.0120274756572451,0.0124465556894779,0.0128813520168473,0.0133312710696868,0.0137952198465766,0.014274700621025,0.0147726891427491,0.0152874867909799,0.0158190142828136,0.016366867220065,0.0169311244865014,0.0175130917753006,0.0181108925873702,0.0187231141736803,0.0193521160550496,0.0199974230106975,0.020661486934486,0.021338387569896,0.0220291438288588,0.0227318809592088,0.0234506322660578,0.0241859144860089,0.0249378153746524,0.0257056047334305,0.0264827976109995,0.0272760914318771,0.0280896136503199,0.0289209824602044,0.0297646912003185,0.0306223450011306,0.0314967878605949,0.0323859353545058,0.0332937306042028,0.0342178284235206,0.0351571000274549,0.0361119093986965,0.0370777093909673,0.038058425796635,0.039055830165251,0.0400648071326954,0.0410848914859622,0.0421223887243351,0.0431741698455683,0.0442440403331932,0.0453340796383238,0.0464477702038055,0.0475750357215484,0.0487102687478335,0.049861148422684,0.051026873834332,0.0522090789634128
"12",1,1000,100,0.0181152276120193,0.00470036536068462,0.00404264769181666,0.00392279452607123,0.00392253075850126,0.00457710516370625,0.00419379595202179,0.00419372707325549,0.00419377973829906,0.00419400067299311,0.00419446648682674,0.00419524305680127,0.00419641230016798,0.00419806347796711,0.0042002927164314,0.00420320092854495,0.00420690483431251,0.00421152118828433,0.00421717951173354,0.00422401106200207,0.00423216289529957,0.00424178755469224,0.00425303674612421,0.00426608608736922,0.00428110303481991,0.00429827841111614,0.00431779092434298,0.00433984920195757,0.0043646510636286,0.00439242014019757,0.00442336714969065,0.00445772363208687,0.0044957288025358,0.00453763561010229,0.00458368648697517,0.00463414772679482,0.00468927905199974,0.00474937120959454,0.00481469751340759,0.00488555332817398,0.00496223652567776,0.00504505914214146,0.00513425243646489,0.00523000411383389,0.00533283964589213,0.00544310859288325,0.00556116111053169,0.00568734339239262,0.00582201865976322,0.00596555986930905,0.00611834118805459,0.00628074869340322,0.00645310505148114,0.00663568604012168,0.00682896123410396,0.00703323587845078,0.00724908615646065,0.00747698930988507,0.00771699700380249,0.00796953834629917,0.00823471512272582,0.0085129955716864,0.00880412720395172,0.00910859718286024,0.00942736558267784,0.00975933335451433,0.010105752612392,0.0104667676338858,0.0108432664857373,0.0112347252472083,0.0116408410959809,0.0120615028856261,0.0124961597877237,0.012945111926575,0.013409188893762,0.0138882534746038,0.0143793794571824,0.0148843394431331,0.0154024615672091,0.0159325709315664,0.0164727451216461,0.0170226763489732,0.0175844911626109,0.0181565389036706,0.018737018232874,0.0193282195969584,0.0199308310796696,0.0205467886298147,0.0211762865357481,0.0218156314243354,0.0224686072774402,0.0231328328849954,0.0238076883216003,0.0244926708718579,0.0251891473104294,0.025897828428557,0.0266214692035449,0.0273623812534317,0.0281122527797457,0.0288712284718833,0.0296416432095376,0.0304273601662915,0.0312220503368576,0.032025523099244,0.032842673700597,0.0336729111035445
"13",123,50,10,0.347544656366546,0.100679694831669,0.0339746849278756,0.0538350541872121,0.0538429542312791,0.115087955377559,0.5375582890448,0.527328151688981,0.514812030843696,0.500127898019241,0.483394987024056,0.464797928223509,0.444623845934895,0.423231540571963,0.400804377869175,0.37761297329741,0.353992689472095,0.33021059044749,0.306621947914945,0.283444064659068,0.260937387600391,0.239329492919624,0.219026259067918,0.200150893193179,0.182676130698424,0.166899711267869,0.152955682742512,0.140847991038278,0.13091237582131,0.122833613717622,0.11654550472433,0.112165469428834,0.109543274658082,0.108503835961964,0.109229748314886,0.111602516296054,0.11547627610665,0.120578272040351,0.126930911083936,0.134473436021283,0.142807885411168,0.151782054660362,0.161242343349574,0.171574863481055,0.182698219045938,0.194375618851673,0.206667074744122,0.219688300510263,0.233115301184128,0.24697648186209,0.261429016040085,0.27643513936114,0.292037979281988,0.308271055356776,0.324778506631849,0.341613863693326,0.35885013556089,0.375869417604984,0.393230987616528,0.41112040845067,0.429370852274094,0.448144375803739,0.467620256776853,0.487519210450029,0.507921390359104,0.528883882577685,0.549848164811442,0.570968410362374,0.592482856371962,0.614362107833487,0.636933497603383,0.659300840055921,0.681716463209138,0.704303864989924,0.726844951381435,0.749616599891957,0.772559263190987,0.796253267115092,0.820486734841182,0.845107316918822,0.870262438065731,0.896140926521974,0.923044394538582,0.950865345380506,0.979731312219017,1.00958323911546,1.04040315974405,1.07170398138607,1.10370151889838,1.13663554186607,1.17010788246372,1.20474355982708,1.24056475373183,1.27699260994103,1.31468107722008,1.35365829372843,1.39395325022416,1.43559483027077,1.47861223921311,1.52303525067584,1.56742119886962,1.61134813346929,1.65469886990534,1.69935772398243,1.74431276957135,1.78817692908087
"14",123,50,100,0.360663067064978,0.0772488846591611,0.00699101716376898,0.00709760689864789,0.00711218632269352,0.10974037880087,0.775455963086574,0.770514091408133,0.762927414951586,0.752726908792413,0.739994901193095,0.724859115921076,0.707457142255442,0.687927238159604,0.666474051212178,0.643246046552933,0.618456286554599,0.592400076832532,0.565258774299471,0.537287743572444,0.508975465389699,0.48034064922901,0.451886212660506,0.42385796141125,0.396349200846956,0.369511848565591,0.343458560517974,0.31832385498895,0.294476444345317,0.272079138106023,0.251393690999285,0.232376313742915,0.215043075954949,0.199336736804919,0.185300560945707,0.17321965769051,0.163070331096506,0.154908121363422,0.148897360069229,0.144780095098025,0.142238326570982,0.140958865420091,0.141009286869484,0.142175214939428,0.144370545767024,0.147488202211776,0.151668845065445,0.156684106729023,0.162576929549812,0.169341576669182,0.176887436529567,0.185216275849279,0.194152246459504,0.203737074236525,0.213952041864573,0.224974057506047,0.23675237408273,0.24930689896416,0.262322068231508,0.276005304757426,0.290211002514496,0.30489583831829,0.319792287432236,0.335040962574849,0.350676454150908,0.366909284936185,0.38357301633655,0.400688117382199,0.418279965562482,0.436511517378907,0.455341945652694,0.47405768045642,0.493160426340019,0.512613090454183,0.532547045758775,0.55264882430281,0.572860362024875,0.593215340473072,0.613686785281078,0.634057563201688,0.654512488780485,0.675094115950444,0.695188775963191,0.715521942829388,0.735910669624432,0.756354374578877,0.777278625704658,0.798529072647787,0.820252194028761,0.842631402394435,0.865841146452827,0.889726349970651,0.9142207774925,0.939370195976368,0.965392460953922,0.992259018653613,1.02001578381585,1.04851597354417,1.07784008571193,1.10810931669803,1.13929097428677,1.17088447469898,1.20325227015954,1.23659978729601,1.26957617422325,1.30258834587574
"15",123,100,10,0.200450798477897,0.04569677812399,0.0197515033243304,0.0272539061397129,0.0272532849447933,0.0526739548011107,0.0754654771385583,0.074365608617455,0.0731003598516174,0.0716760571104904,0.0701083010923051,0.0684240891775049,0.0666433468919095,0.06478616411645,0.0628700765439835,0.0609351073297718,0.0590148459485668,0.0571511975209237,0.0553671724355204,0.0536771383857709,0.0521058023259361,0.0506530294971394,0.0493467822115989,0.0481886724400073,0.0472096378419665,0.0464402744727459,0.0459059959527262,0.0455643223002539,0.0454895805464307,0.045733294075159,0.0462979118896114,0.0471516988643307,0.0483219877042123,0.0498053047974924,0.0516232496279071,0.0537429671661889,0.0561125344621582,0.0587214699211808,0.0616113593528465,0.0647408616311824,0.0681661144985617,0.0718014182079457,0.0756726688702527,0.079775361248447,0.0841786814315356,0.0888594989768718,0.0937362170064356,0.0987885948139231,0.104028607470224,0.109426648840845,0.115068063471323,0.120968086345999,0.127105299270608,0.133483428791982,0.140134428945067,0.14699559978519,0.153981867240178,0.161172836353362,0.168574656074016,0.176156147204513,0.183939690963789,0.191911150356471,0.200043543142465,0.208424010917937,0.21710474752447,0.225974661653397,0.23502499483349,0.244182272289371,0.25350144596462,0.263053414892419,0.272903618039337,0.282808230829028,0.292961014686006,0.303375758230276,0.314076042147048,0.32504555542798,0.336295761704446,0.347803787866976,0.359586951718151,0.371678168648476,0.384174191559731,0.397047772478693,0.410338970429555,0.423917382498381,0.437941357565031,0.452295570367995,0.466807494974415,0.4816797826885,0.496904781430337,0.512340929044532,0.528007738245082,0.543856454499171,0.559668035664061,0.575413817109001,0.591212399633709,0.60702003655048,0.622606151840721,0.638260267709404,0.653978749011726,0.669721707498262,0.684912400696888,0.700131086123604,0.715423904423607,0.730914730577916,0.746654288805382,0.76255802099839
"16",123,100,100,0.186347381492069,0.0354449588452746,0.00539952624070374,0.0053233384813494,0.0053292272693616,0.0442579718129637,0.069588900997444,0.0691456180545051,0.0685243942862031,0.067731327730661,0.0667713908415396,0.0656545581041329,0.0644045848818931,0.063031516628826,0.0615352098219438,0.059943491144108,0.058274296061018,0.0565471339576259,0.0547717926668052,0.052963182328773,0.0511459346569956,0.0493395692316871,0.0475754463919548,0.0458796558217643,0.0442802536792007,0.042790958920078,0.0414336782513761,0.0402186380072305,0.0391827895145701,0.0383599568135114,0.0377438595460944,0.0373529924657142,0.0371938895594673,0.0372726799233837,0.0375725904411994,0.0380918780379502,0.0388422826091024,0.0398079785001227,0.041013962375417,0.0424882433264165,0.0442255831324182,0.0462491271247531,0.0485167486879939,0.0510043986631163,0.0536980943057639,0.0565655611419619,0.0596588805541979,0.0630345617737463,0.0666139362083121,0.0703966195053816,0.0743868958063256,0.0786572457408981,0.08309301219674,0.0877243944725513,0.0925737202879549,0.0976481358077438,0.10287320060786,0.108309394398428,0.113918140255014,0.119767366360391,0.125784519517125,0.131931249032802,0.138272466773024,0.14475330394236,0.151357282851146,0.1581367781792,0.165105433600155,0.172241307717031,0.179547891400456,0.187044915717368,0.194742131788371,0.202671695286858,0.210807999914406,0.219083551032808,0.227583091327415,0.236154046329151,0.244822629130263,0.253674409084816,0.262734923877748,0.271835086366238,0.281118680335061,0.290457422262738,0.299884411765728,0.309495856573424,0.31928178390511,0.329247298100161,0.339407285596276,0.349787186404076,0.360527475065052,0.37156744368456,0.382736429139368,0.393883386342592,0.405241172966632,0.416948841920454,0.429030630067299,0.44138965849218,0.454077699465392,0.466997482322968,0.480037295095278,0.493307304136535,0.506944380840263,0.520748739414833,0.53444970913822,0.548321742301908,0.56218992790021,0.575886175111136
"17",123,1000,10,0.025486553258215,0.00613903112062762,0.00544822980792768,0.00558277822391006,0.00555686714356232,0.00615598489005196,0.00558188352489059,0.00558122522170766,0.00558160643812152,0.005583229039857,0.00558640265528347,0.00559110130782327,0.00559758453050463,0.00560610714093989,0.0056169099514391,0.00563025848972673,0.00564641374760854,0.00566564802296308,0.00568825549572966,0.00571453140847526,0.00574454136415294,0.00577850142815606,0.00581705142456333,0.00586055417264185,0.00590936592439843,0.0059638507120251,0.00602438182657693,0.00609116221355569,0.00616428596917541,0.00624390821159924,0.0063305684248593,0.00642497488328759,0.00652757033390328,0.00663873254616613,0.00675869032668722,0.00688744994330917,0.00702570573903078,0.00717452112202537,0.00733397150629098,0.00750430643082129,0.00768639326370569,0.00788097369046138,0.00808783969373746,0.00830700806733491,0.00853991344030691,0.008787163999758,0.00904831641041635,0.00932310058264289,0.0096121497347836,0.00991587806835034,0.0102356868472162,0.0105710561703168,0.0109220452485861,0.0112888255429611,0.0116701119832304,0.0120687559140562,0.012484121889752,0.0129167818245203,0.0133650235025282,0.0138290347053083,0.0143077313166676,0.0148040074494734,0.0153166678315749,0.0158478053414007,0.01639591667326,0.0169593195425443,0.0175385693984269,0.0181362663890188,0.0187504447090199,0.0193817196867503,0.0200283174074922,0.0206904968684994,0.0213677500859741,0.0220589585679456,0.0227650291323658,0.0234850181312403,0.0242157671058499,0.0249599593204683,0.0257219371689255,0.0264984999704425,0.0272910046906563,0.0281000329791233,0.0289256639518833,0.0297672202786472,0.0306228920720581,0.0314940475075123,0.0323813093769398,0.0332845407363085,0.0342087529324351,0.0351483479168553,0.0361011088719146,0.0370654254910626,0.0380457337110123,0.0390429242436729,0.0400528188656642,0.0410773738573864,0.0421148939230424,0.0431678216023325,0.0442355955073478,0.0453225680657391,0.0464266474671793,0.0475429230858027,0.0486800541754774,0.0498328555697477,0.0509997957923168,0.0521820852733097
"18",123,1000,100,0.0246961997136566,0.0047026856999818,0.00404335232928506,0.00392079192928334,0.0039209703172621,0.00457923526733608,0.0041957087811851,0.004195625975836,0.00419566147195799,0.00419586736536974,0.00419631101425189,0.00419706194292545,0.00419820839871923,0.00419983338789595,0.00420203498604535,0.00420491144153055,0.00420858082321215,0.00421316284523822,0.00421878370317134,0.00422557669004966,0.00423368750040869,0.0042432673790595,0.00425446890639946,0.00426747191237944,0.00428244090695846,0.00429955980577524,0.00431901936476143,0.00434101790800658,0.00436576417172304,0.00439346873792797,0.00442435101341088,0.00445864418883436,0.00449658286888495,0.00453841990264918,0.00458439446466749,0.00463478293946785,0.00468983869865643,0.00474985030829338,0.00481509743398396,0.00488586588305733,0.00496247248891935,0.00504520654584367,0.00513439075805015,0.00523015591984559,0.00533291118619968,0.00544308583875042,0.00556104908329836,0.00568713097490641,0.00582171998638074,0.00596515167005638,0.00611783863511401,0.00628013911131336,0.00645245175255078,0.0066348484416159,0.00682799107418406,0.00703208379582823,0.00724781973036067,0.00747564005089239,0.00771588194608096,0.00796782965290518,0.00823280353324818,0.00851089744667431,0.00880187341782501,0.00910639226359904,0.00942496146454354,0.00975763401136478,0.0101044219525669,0.010465956593905,0.0108422676980127,0.0112331957494796,0.0116383252812893,0.0120587947397959,0.0124926698166281,0.0129408809105706,0.0134041534260487,0.0138818630313363,0.0143722605472574,0.0148745553458928,0.0153909039334618,0.0159202873907412,0.0164588303119936,0.0170083084235685,0.0175700618349545,0.0181432726025579,0.0187240324062882,0.019314263090413,0.019916974567625,0.0205335905404037,0.021164201803847,0.0218042553555181,0.0224568143183311,0.0231202472049221,0.0237959979774425,0.0244814799123535,0.0251785840262575,0.0258880717193425,0.0266129408500768,0.0273553206283196,0.0281063456667381,0.0288652355567437,0.0296385764561295,0.0304246974816449,0.0312196049169232,0.0320198634047617,0.0328349888052995,0.0336675506275143
